0,1,2,3,4,5,6,7,8,9,10,11,12,13,14,15,16,17,18,19
"[array([[ 0.        ],
       [ 0.        ],
       [ 0.        ],
       ...,
       [-0.01385215],
       [-0.01385215],
       [-0.01385215]])]","[array([[ 0.        ],
       [ 0.        ],
       [ 0.        ],
       ...,
       [-0.01385224],
       [-0.01385224],
       [-0.01385224]])]","[array([[ 0.        ],
       [ 0.        ],
       [ 0.        ],
       ...,
       [-0.00773676],
       [-0.0077377 ],
       [-0.0077386 ]])]","[array([[ 0.        ],
       [ 0.        ],
       [ 0.        ],
       ...,
       [-0.02440241],
       [-0.02467101],
       [-0.02494223]])]","[array([[ 0.        ],
       [ 0.        ],
       [ 0.        ],
       ...,
       [-0.14705179],
       [-0.14770897],
       [-0.14833146]])]","[array([[ 0.        ],
       [ 0.        ],
       [ 0.        ],
       ...,
       [-0.13205286],
       [-0.13176852],
       [-0.1314964 ]])]","[array([[0.        ],
       [0.        ],
       [0.        ],
       ...,
       [0.0787731 ],
       [0.07838044],
       [0.07799629]])]","[array([[0.        ],
       [0.        ],
       [0.        ],
       ...,
       [0.27351326],
       [0.27395777],
       [0.27438444]])]","[array([[0.        ],
       [0.        ],
       [0.        ],
       ...,
       [0.07087141],
       [0.07103284],
       [0.07118643]])]","[array([[ 0.        ],
       [ 0.        ],
       [ 0.        ],
       ...,
       [-0.2136779 ],
       [-0.21309035],
       [-0.21250091]])]","[array([[0.        ],
       [0.        ],
       [0.        ],
       ...,
       [0.03537102],
       [0.0359399 ],
       [0.03649558]])]","[array([[ 0.        ],
       [ 0.        ],
       [ 0.        ],
       ...,
       [-0.12366774],
       [-0.12363029],
       [-0.12361283]])]","[array([[ 0.        ],
       [ 0.        ],
       [ 0.        ],
       ...,
       [-0.09796018],
       [-0.09771234],
       [-0.09746035]])]","[array([[0.        ],
       [0.        ],
       [0.        ],
       ...,
       [0.05486157],
       [0.0547912 ],
       [0.0547204 ]])]","[array([[0.        ],
       [0.        ],
       [0.        ],
       ...,
       [0.03957887],
       [0.04037342],
       [0.04116896]])]","[array([[ 0.        ],
       [ 0.        ],
       [ 0.        ],
       ...,
       [-0.07860601],
       [-0.07874004],
       [-0.07887641]])]","[array([[0.        ],
       [0.        ],
       [0.        ],
       ...,
       [0.03045095],
       [0.03059527],
       [0.03071238]])]","[array([[0.        ],
       [0.        ],
       [0.        ],
       ...,
       [0.007245  ],
       [0.00730956],
       [0.0073712 ]])]","[array([[0.        ],
       [0.        ],
       [0.        ],
       ...,
       [0.01003144],
       [0.01026594],
       [0.0105039 ]])]","[array([[0.        ],
       [0.        ],
       [0.        ],
       ...,
       [0.03953224],
       [0.03951897],
       [0.03950751]])]"
"[array([[0.        ],
       [0.        ],
       [0.        ],
       ...,
       [0.01019356],
       [0.01019356],
       [0.01019356]])]","[array([[0.        ],
       [0.        ],
       [0.        ],
       ...,
       [1.28022135],
       [1.28010875],
       [1.27998373]])]","[array([[0.        ],
       [0.        ],
       [0.        ],
       ...,
       [0.3992892 ],
       [0.39766364],
       [0.3960633 ]])]","[array([[ 0.        ],
       [ 0.        ],
       [ 0.        ],
       ...,
       [-0.10779513],
       [-0.106483  ],
       [-0.10517512]])]","[array([[ 0.        ],
       [ 0.        ],
       [ 0.        ],
       ...,
       [-0.04077682],
       [-0.0391751 ],
       [-0.03757681]])]","[array([[ 0.        ],
       [ 0.        ],
       [ 0.        ],
       ...,
       [-0.01764512],
       [-0.01581407],
       [-0.01398138]])]","[array([[0.        ],
       [0.        ],
       [0.        ],
       ...,
       [0.32059057],
       [0.32357145],
       [0.32654409]])]","[array([[0.        ],
       [0.        ],
       [0.        ],
       ...,
       [0.55812501],
       [0.55995415],
       [0.56172846]])]","[array([[0.        ],
       [0.        ],
       [0.        ],
       ...,
       [0.06485762],
       [0.06650434],
       [0.06814773]])]","[array([[ 0.        ],
       [ 0.        ],
       [ 0.        ],
       ...,
       [-0.13456391],
       [-0.13262821],
       [-0.13068953]])]","[array([[ 0.        ],
       [ 0.        ],
       [ 0.        ],
       ...,
       [-0.0661457 ],
       [-0.06437268],
       [-0.06259376]])]","[array([[0.        ],
       [0.        ],
       [0.        ],
       ...,
       [0.3175955 ],
       [0.31940523],
       [0.32121134]])]","[array([[ 0.        ],
       [ 0.        ],
       [ 0.        ],
       ...,
       [-0.11021171],
       [-0.10849073],
       [-0.10676967]])]","[array([[ 0.        ],
       [ 0.        ],
       [ 0.        ],
       ...,
       [-0.25695416],
       [-0.25478621],
       [-0.25261935]])]","[array([[0.        ],
       [0.        ],
       [0.        ],
       ...,
       [0.12219021],
       [0.12348557],
       [0.1247848 ]])]","[array([[0.        ],
       [0.        ],
       [0.        ],
       ...,
       [0.33136418],
       [0.33296955],
       [0.33459325]])]","[array([[0.        ],
       [0.        ],
       [0.        ],
       ...,
       [0.02789436],
       [0.02961469],
       [0.0313343 ]])]","[array([[ 0.        ],
       [ 0.        ],
       [ 0.        ],
       ...,
       [-0.01348921],
       [-0.01154709],
       [-0.00960841]])]","[array([[0.        ],
       [0.        ],
       [0.        ],
       ...,
       [0.19008608],
       [0.19215966],
       [0.19421929]])]","[array([[ 0.        ],
       [ 0.        ],
       [ 0.        ],
       ...,
       [-0.40138495],
       [-0.39969539],
       [-0.39800486]])]"
"[array([[ 0.        ],
       [ 0.        ],
       [ 0.        ],
       ...,
       [-0.00884684],
       [-0.00884684],
       [-0.00884684]])]","[array([[0.        ],
       [0.        ],
       [0.        ],
       ...,
       [0.14689792],
       [0.1462377 ],
       [0.14557066]])]","[array([[ 0.        ],
       [ 0.        ],
       [ 0.        ],
       ...,
       [-0.29159181],
       [-0.29195918],
       [-0.29231957]])]","[array([[ 0.        ],
       [ 0.        ],
       [ 0.        ],
       ...,
       [-0.02225719],
       [-0.01865361],
       [-0.01509054]])]","[array([[0.        ],
       [0.        ],
       [0.        ],
       ...,
       [0.08204752],
       [0.08385114],
       [0.08565787]])]","[array([[ 0.        ],
       [ 0.        ],
       [ 0.        ],
       ...,
       [-0.04415837],
       [-0.04221936],
       [-0.0402749 ]])]","[array([[ 0.        ],
       [ 0.        ],
       [ 0.        ],
       ...,
       [-0.11791946],
       [-0.11601308],
       [-0.11411349]])]","[array([[0.        ],
       [0.        ],
       [0.        ],
       ...,
       [0.14034675],
       [0.14243582],
       [0.14450684]])]","[array([[ 0.        ],
       [ 0.        ],
       [ 0.        ],
       ...,
       [-0.08455842],
       [-0.08270831],
       [-0.08085661]])]","[array([[ 0.        ],
       [ 0.        ],
       [ 0.        ],
       ...,
       [-0.1558847 ],
       [-0.15585258],
       [-0.15582319]])]","[array([[0.        ],
       [0.        ],
       [0.        ],
       ...,
       [0.268543  ],
       [0.27008844],
       [0.2716317 ]])]","[array([[ 0.        ],
       [ 0.        ],
       [ 0.        ],
       ...,
       [-0.13742643],
       [-0.13519742],
       [-0.13296494]])]","[array([[0.        ],
       [0.        ],
       [0.        ],
       ...,
       [0.05680594],
       [0.05860391],
       [0.06039479]])]","[array([[ 0.        ],
       [ 0.        ],
       [ 0.        ],
       ...,
       [-1.43028475],
       [-1.43036213],
       [-1.43043174]])]","[array([[ 0.        ],
       [ 0.        ],
       [ 0.        ],
       ...,
       [-0.10250848],
       [-0.10109009],
       [-0.09967091]])]","[array([[0.        ],
       [0.        ],
       [0.        ],
       ...,
       [0.22977785],
       [0.23173079],
       [0.23367063]])]","[array([[0.        ],
       [0.        ],
       [0.        ],
       ...,
       [0.01109335],
       [0.01262295],
       [0.01416026]])]","[array([[ 0.        ],
       [ 0.        ],
       [ 0.        ],
       ...,
       [-0.37516084],
       [-0.37361526],
       [-0.37206857]])]","[array([[ 0.        ],
       [ 0.        ],
       [ 0.        ],
       ...,
       [-0.74565086],
       [-0.74401976],
       [-0.74239822]])]","[array([[ 0.        ],
       [ 0.        ],
       [ 0.        ],
       ...,
       [-0.06507856],
       [-0.0631856 ],
       [-0.06129569]])]"
"[array([[ 0.        ],
       [ 0.        ],
       [ 0.        ],
       ...,
       [-0.69240416],
       [-0.69178718],
       [-0.69091778]])]","[array([[0.        ],
       [0.        ],
       [0.        ],
       ...,
       [0.27644113],
       [0.27505015],
       [0.27366321]])]","[array([[0.        ],
       [0.        ],
       [0.        ],
       ...,
       [0.33901908],
       [0.33781622],
       [0.33660992]])]","[array([[ 0.        ],
       [ 0.        ],
       [ 0.        ],
       ...,
       [-0.70439952],
       [-0.70467165],
       [-0.70493958]])]","[array([[ 0.        ],
       [ 0.        ],
       [ 0.        ],
       ...,
       [-0.19436992],
       [-0.19286891],
       [-0.19136503]])]","[array([[ 0.        ],
       [ 0.        ],
       [ 0.        ],
       ...,
       [-0.41104203],
       [-0.40933511],
       [-0.40762784]])]","[array([[ 0.        ],
       [ 0.        ],
       [ 0.        ],
       ...,
       [-0.69173261],
       [-0.69194242],
       [-0.69214696]])]","[array([[0.        ],
       [0.        ],
       [0.        ],
       ...,
       [0.14024618],
       [0.14225869],
       [0.14426519]])]","[array([[ 0.        ],
       [ 0.        ],
       [ 0.        ],
       ...,
       [-0.97297038],
       [-0.97414993],
       [-0.97533921]])]","[array([[0.        ],
       [0.        ],
       [0.        ],
       ...,
       [0.35139124],
       [0.35083906],
       [0.35028848]])]","[array([[0.        ],
       [0.        ],
       [0.        ],
       ...,
       [0.05563459],
       [0.05713613],
       [0.05863113]])]","[array([[ 0.        ],
       [ 0.        ],
       [ 0.        ],
       ...,
       [-0.43660747],
       [-0.43725395],
       [-0.43790343]])]","[array([[0.        ],
       [0.        ],
       [0.        ],
       ...,
       [0.26034719],
       [0.26196942],
       [0.26358904]])]","[array([[ 0.        ],
       [ 0.        ],
       [ 0.        ],
       ...,
       [-0.06225335],
       [-0.06047926],
       [-0.05870469]])]","[array([[ 0.        ],
       [ 0.        ],
       [ 0.        ],
       ...,
       [-0.07423879],
       [-0.07243722],
       [-0.07063557]])]","[array([[ 0.        ],
       [ 0.        ],
       [ 0.        ],
       ...,
       [-1.21867516],
       [-1.21776971],
       [-1.21686208]])]","[array([[ 0.        ],
       [ 0.        ],
       [ 0.        ],
       ...,
       [-0.11604698],
       [-0.11424001],
       [-0.11243027]])]","[array([[ 0.        ],
       [ 0.        ],
       [ 0.        ],
       ...,
       [-0.57354774],
       [-0.57604821],
       [-0.57853041]])]","[array([[0.        ],
       [0.        ],
       [0.        ],
       ...,
       [0.09749138],
       [0.09936635],
       [0.10124144]])]","[array([[0.        ],
       [0.        ],
       [0.        ],
       ...,
       [0.06036235],
       [0.0620882 ],
       [0.06381441]])]"
"[array([[ 0.        ],
       [ 0.        ],
       [ 0.        ],
       ...,
       [-0.64037921],
       [-0.63977901],
       [-0.63915856]])]","[array([[ 0.        ],
       [ 0.        ],
       [ 0.        ],
       ...,
       [-0.91827458],
       [-0.91736274],
       [-0.91644869]])]","[array([[0.        ],
       [0.        ],
       [0.        ],
       ...,
       [0.98831092],
       [0.98927738],
       [0.99023958]])]","[array([[0.        ],
       [0.        ],
       [0.        ],
       ...,
       [0.05492291],
       [0.05666701],
       [0.05839685]])]","[array([[ 0.        ],
       [ 0.        ],
       [ 0.        ],
       ...,
       [-0.00407548],
       [-0.00223243],
       [-0.00037538]])]","[array([[ 0.        ],
       [ 0.        ],
       [ 0.        ],
       ...,
       [-0.07945496],
       [-0.07781876],
       [-0.07617797]])]","[array([[ 0.        ],
       [ 0.        ],
       [ 0.        ],
       ...,
       [-0.0599834 ],
       [-0.05794451],
       [-0.05590503]])]","[array([[0.        ],
       [0.        ],
       [0.        ],
       ...,
       [0.08524901],
       [0.0869603 ],
       [0.08867287]])]","[array([[ 0.        ],
       [ 0.        ],
       [ 0.        ],
       ...,
       [-0.04386761],
       [-0.04227483],
       [-0.04068257]])]","[array([[0.        ],
       [0.        ],
       [0.        ],
       ...,
       [0.26221121],
       [0.26387042],
       [0.26552157]])]","[array([[0.        ],
       [0.        ],
       [0.        ],
       ...,
       [0.32449901],
       [0.32652686],
       [0.32852409]])]","[array([[ 0.        ],
       [ 0.        ],
       [ 0.        ],
       ...,
       [-0.00296313],
       [-0.00104033],
       [ 0.00088454]])]","[array([[ 0.        ],
       [ 0.        ],
       [ 0.        ],
       ...,
       [-0.01257501],
       [-0.01089442],
       [-0.00921488]])]","[array([[0.        ],
       [0.        ],
       [0.        ],
       ...,
       [0.01656234],
       [0.01827146],
       [0.01998105]])]","[array([[ 0.        ],
       [ 0.        ],
       [ 0.        ],
       ...,
       [-0.01288261],
       [-0.011215  ],
       [-0.00955532]])]","[array([[ 0.        ],
       [ 0.        ],
       [ 0.        ],
       ...,
       [-0.616607  ],
       [-0.6176914 ],
       [-0.61881146]])]","[array([[0.        ],
       [0.        ],
       [0.        ],
       ...,
       [0.05924336],
       [0.06130795],
       [0.06336887]])]","[array([[ 0.        ],
       [ 0.        ],
       [ 0.        ],
       ...,
       [-0.48935196],
       [-0.48779101],
       [-0.48622945]])]","[array([[ 0.        ],
       [ 0.        ],
       [ 0.        ],
       ...,
       [-0.20810301],
       [-0.20626272],
       [-0.2044215 ]])]","[array([[ 0.        ],
       [ 0.        ],
       [ 0.        ],
       ...,
       [-0.10638715],
       [-0.10467141],
       [-0.10295455]])]"
"[array([[0.        ],
       [0.        ],
       [0.        ],
       ...,
       [1.18847351],
       [1.19112392],
       [1.19386676]])]","[array([[0.        ],
       [0.        ],
       [0.        ],
       ...,
       [0.09919382],
       [0.1013836 ],
       [0.10355005]])]","[array([[ 0.        ],
       [ 0.        ],
       [ 0.        ],
       ...,
       [-0.05179013],
       [-0.04955133],
       [-0.04729498]])]","[array([[ 0.        ],
       [ 0.        ],
       [ 0.        ],
       ...,
       [-0.1007787 ],
       [-0.09923006],
       [-0.09768553]])]","[array([[0.        ],
       [0.        ],
       [0.        ],
       ...,
       [0.08303852],
       [0.08475767],
       [0.08649696]])]","[array([[0.        ],
       [0.        ],
       [0.        ],
       ...,
       [0.28665935],
       [0.28849772],
       [0.29033028]])]","[array([[ 0.        ],
       [ 0.        ],
       [ 0.        ],
       ...,
       [-1.12093037],
       [-1.1199203 ],
       [-1.11890924]])]","[array([[ 0.        ],
       [ 0.        ],
       [ 0.        ],
       ...,
       [-0.06711887],
       [-0.06555404],
       [-0.06398662]])]","[array([[0.        ],
       [0.        ],
       [0.        ],
       ...,
       [0.06095798],
       [0.06291482],
       [0.06486358]])]","[array([[0.        ],
       [0.        ],
       [0.        ],
       ...,
       [0.06853357],
       [0.06994178],
       [0.07134551]])]","[array([[ 0.        ],
       [ 0.        ],
       [ 0.        ],
       ...,
       [-0.01822753],
       [-0.01633401],
       [-0.01443921]])]","[array([[ 0.        ],
       [ 0.        ],
       [ 0.        ],
       ...,
       [-0.04969972],
       [-0.04792191],
       [-0.04614777]])]","[array([[ 0.        ],
       [ 0.        ],
       [ 0.        ],
       ...,
       [-0.04087263],
       [-0.03904706],
       [-0.03722311]])]","[array([[ 0.        ],
       [ 0.        ],
       [ 0.        ],
       ...,
       [-0.32035726],
       [-0.31846557],
       [-0.3165673 ]])]","[array([[0.        ],
       [0.        ],
       [0.        ],
       ...,
       [0.02479438],
       [0.02644511],
       [0.02808979]])]","[array([[ 0.        ],
       [ 0.        ],
       [ 0.        ],
       ...,
       [-0.03629157],
       [-0.0346157 ],
       [-0.03294215]])]","[array([[0.        ],
       [0.        ],
       [0.        ],
       ...,
       [0.04531572],
       [0.0471968 ],
       [0.04908389]])]","[array([[ 0.        ],
       [ 0.        ],
       [ 0.        ],
       ...,
       [-0.10343515],
       [-0.101354  ],
       [-0.099271  ]])]","[array([[0.        ],
       [0.        ],
       [0.        ],
       ...,
       [0.0404593 ],
       [0.04223941],
       [0.0440305 ]])]","[array([[ 0.        ],
       [ 0.        ],
       [ 0.        ],
       ...,
       [-0.01363578],
       [-0.01185047],
       [-0.01006381]])]"
"[array([[0.        ],
       [0.        ],
       [0.        ],
       ...,
       [0.05103311],
       [0.05108529],
       [0.05113745]])]","[array([[ 0.        ],
       [ 0.        ],
       [ 0.        ],
       ...,
       [-0.75499285],
       [-0.75385227],
       [-0.75269916]])]","[array([[0.        ],
       [0.        ],
       [0.        ],
       ...,
       [0.08629559],
       [0.08784225],
       [0.08938226]])]","[array([[ 0.        ],
       [ 0.        ],
       [ 0.        ],
       ...,
       [-0.04437667],
       [-0.04267105],
       [-0.04095706]])]","[array([[ 0.        ],
       [ 0.        ],
       [ 0.        ],
       ...,
       [-0.13239794],
       [-0.1306883 ],
       [-0.12897486]])]","[array([[0.        ],
       [0.        ],
       [0.        ],
       ...,
       [0.10596078],
       [0.10765828],
       [0.10937512]])]","[array([[0.        ],
       [0.        ],
       [0.        ],
       ...,
       [0.01823883],
       [0.01993467],
       [0.02163334]])]","[array([[ 0.        ],
       [ 0.        ],
       [ 0.        ],
       ...,
       [-0.11364602],
       [-0.11185186],
       [-0.11005805]])]","[array([[0.        ],
       [0.        ],
       [0.        ],
       ...,
       [0.00384691],
       [0.00554505],
       [0.00723453]])]","[array([[ 0.        ],
       [ 0.        ],
       [ 0.        ],
       ...,
       [-0.01381205],
       [-0.01202738],
       [-0.01024455]])]","[array([[0.        ],
       [0.        ],
       [0.        ],
       ...,
       [0.06025927],
       [0.06212206],
       [0.06398444]])]","[array([[ 0.        ],
       [ 0.        ],
       [ 0.        ],
       ...,
       [-0.02361858],
       [-0.02185526],
       [-0.02009349]])]","[array([[0.        ],
       [0.        ],
       [0.        ],
       ...,
       [0.04019202],
       [0.04196645],
       [0.04373692]])]","[array([[0.        ],
       [0.        ],
       [0.        ],
       ...,
       [0.24013986],
       [0.24197739],
       [0.24381499]])]","[array([[0.        ],
       [0.        ],
       [0.        ],
       ...,
       [0.03973149],
       [0.04134303],
       [0.04295421]])]","[array([[0.        ],
       [0.        ],
       [0.        ],
       ...,
       [0.01831326],
       [0.02005642],
       [0.02180733]])]","[array([[ 0.        ],
       [ 0.        ],
       [ 0.        ],
       ...,
       [-0.02374069],
       [-0.0219694 ],
       [-0.02020516]])]","[array([[ 0.        ],
       [ 0.        ],
       [ 0.        ],
       ...,
       [-0.00856955],
       [-0.00690422],
       [-0.00523958]])]","[array([[0.        ],
       [0.        ],
       [0.        ],
       ...,
       [0.05898173],
       [0.0608169 ],
       [0.06264765]])]","[array([[ 0.        ],
       [ 0.        ],
       [ 0.        ],
       ...,
       [-0.01071576],
       [-0.00893909],
       [-0.00716975]])]"
"[array([[0.        ],
       [0.        ],
       [0.        ],
       ...,
       [1.27465407],
       [1.27192511],
       [1.2691556 ]])]","[array([[0.        ],
       [0.        ],
       [0.        ],
       ...,
       [0.20650009],
       [0.20871179],
       [0.21087322]])]","[array([[0.        ],
       [0.        ],
       [0.        ],
       ...,
       [0.0575385 ],
       [0.05932293],
       [0.06110078]])]","[array([[ 0.        ],
       [ 0.        ],
       [ 0.        ],
       ...,
       [-0.07711385],
       [-0.07568056],
       [-0.07424088]])]","[array([[ 0.        ],
       [ 0.        ],
       [ 0.        ],
       ...,
       [-0.04456069],
       [-0.04273895],
       [-0.04094028]])]","[array([[ 0.        ],
       [ 0.        ],
       [ 0.        ],
       ...,
       [-0.10663286],
       [-0.1049177 ],
       [-0.10320418]])]","[array([[ 0.        ],
       [ 0.        ],
       [ 0.        ],
       ...,
       [-0.0687288 ],
       [-0.06701962],
       [-0.06531241]])]","[array([[ 0.        ],
       [ 0.        ],
       [ 0.        ],
       ...,
       [-0.00052487],
       [ 0.00126925],
       [ 0.00306498]])]","[array([[0.        ],
       [0.        ],
       [0.        ],
       ...,
       [0.02719102],
       [0.02896774],
       [0.03073601]])]","[array([[ 0.        ],
       [ 0.        ],
       [ 0.        ],
       ...,
       [-0.03449746],
       [-0.03271048],
       [-0.03091588]])]","[array([[ 0.00000000e+00],
       [ 0.00000000e+00],
       [ 0.00000000e+00],
       ...,
       [-4.53686125e-05],
       [ 1.95535526e-03],
       [ 3.96519938e-03]])]","[array([[ 0.00000000e+00],
       [ 0.00000000e+00],
       [ 0.00000000e+00],
       ...,
       [-3.28638705e-03],
       [-1.60685214e-03],
       [ 8.16449822e-05]])]","[array([[ 0.        ],
       [ 0.        ],
       [ 0.        ],
       ...,
       [-0.03773939],
       [-0.03561988],
       [-0.03348961]])]","[array([[ 0.        ],
       [ 0.        ],
       [ 0.        ],
       ...,
       [-0.02713717],
       [-0.02514876],
       [-0.02315897]])]","[array([[0.        ],
       [0.        ],
       [0.        ],
       ...,
       [0.01252993],
       [0.01422744],
       [0.01591885]])]","[array([[0.        ],
       [0.        ],
       [0.        ],
       ...,
       [0.23280479],
       [0.23446936],
       [0.23612175]])]","[array([[ 0.        ],
       [ 0.        ],
       [ 0.        ],
       ...,
       [-0.01784828],
       [-0.01607796],
       [-0.01430894]])]","[array([[0.        ],
       [0.        ],
       [0.        ],
       ...,
       [0.11466769],
       [0.11674422],
       [0.11882768]])]","[array([[0.        ],
       [0.        ],
       [0.        ],
       ...,
       [0.17572665],
       [0.17762129],
       [0.17950654]])]","[array([[0.        ],
       [0.        ],
       [0.        ],
       ...,
       [0.04050238],
       [0.0421836 ],
       [0.04386551]])]"
"[array([[ 0.],
       [ 0.],
       [ 0.],
       ...,
       [nan],
       [nan],
       [nan]])]","[array([[ 0.        ],
       [ 0.        ],
       [ 0.        ],
       ...,
       [-0.21360084],
       [-0.21247665],
       [-0.21135781]])]","[array([[ 0.        ],
       [ 0.        ],
       [ 0.        ],
       ...,
       [-0.15681293],
       [-0.15515358],
       [-0.15348945]])]","[array([[ 0.        ],
       [ 0.        ],
       [ 0.        ],
       ...,
       [-0.0344897 ],
       [-0.03264889],
       [-0.03080642]])]","[array([[ 0.        ],
       [ 0.        ],
       [ 0.        ],
       ...,
       [-0.00635221],
       [-0.00467095],
       [-0.00299439]])]","[array([[0.        ],
       [0.        ],
       [0.        ],
       ...,
       [0.18547337],
       [0.18728524],
       [0.18909745]])]","[array([[0.        ],
       [0.        ],
       [0.        ],
       ...,
       [0.00808156],
       [0.00984596],
       [0.01161339]])]","[array([[ 0.        ],
       [ 0.        ],
       [ 0.        ],
       ...,
       [-0.05051785],
       [-0.04869833],
       [-0.04687977]])]","[array([[0.        ],
       [0.        ],
       [0.        ],
       ...,
       [0.09821671],
       [0.10005489],
       [0.10188802]])]","[array([[ 0.        ],
       [ 0.        ],
       [ 0.        ],
       ...,
       [-0.08531597],
       [-0.08353436],
       [-0.08174697]])]","[array([[ 0.        ],
       [ 0.        ],
       [ 0.        ],
       ...,
       [-0.03441398],
       [-0.03241126],
       [-0.03041235]])]","[array([[ 0.        ],
       [ 0.        ],
       [ 0.        ],
       ...,
       [-0.14500835],
       [-0.14326783],
       [-0.14152509]])]","[array([[ 0.        ],
       [ 0.        ],
       [ 0.        ],
       ...,
       [-0.01124994],
       [-0.00938312],
       [-0.00752963]])]","[array([[ 0.        ],
       [ 0.        ],
       [ 0.        ],
       ...,
       [-0.020439  ],
       [-0.01870475],
       [-0.01697038]])]","[array([[ 0.        ],
       [ 0.        ],
       [ 0.        ],
       ...,
       [-0.02802623],
       [-0.02623221],
       [-0.02443526]])]","[array([[0.        ],
       [0.        ],
       [0.        ],
       ...,
       [0.01450132],
       [0.01616704],
       [0.0178331 ]])]","[array([[ 0.        ],
       [ 0.        ],
       [ 0.        ],
       ...,
       [-0.08848689],
       [-0.08678928],
       [-0.08509127]])]","[array([[0.        ],
       [0.        ],
       [0.        ],
       ...,
       [0.02323469],
       [0.02483999],
       [0.02643888]])]","[array([[ 0.        ],
       [ 0.        ],
       [ 0.        ],
       ...,
       [-0.03112668],
       [-0.02928282],
       [-0.02743579]])]","[array([[0.        ],
       [0.        ],
       [0.        ],
       ...,
       [0.05602163],
       [0.05787432],
       [0.05971733]])]"
"[array([[ 0.],
       [ 0.],
       [ 0.],
       ...,
       [nan],
       [nan],
       [nan]])]","[array([[ 0.],
       [ 0.],
       [ 0.],
       ...,
       [nan],
       [nan],
       [nan]])]","[array([[0.        ],
       [0.        ],
       [0.        ],
       ...,
       [0.32930549],
       [0.33110798],
       [0.33290242]])]","[array([[ 0.        ],
       [ 0.        ],
       [ 0.        ],
       ...,
       [-0.02302051],
       [-0.02116935],
       [-0.01931823]])]","[array([[ 0.        ],
       [ 0.        ],
       [ 0.        ],
       ...,
       [-0.01344559],
       [-0.01190487],
       [-0.01035669]])]","[array([[ 0.        ],
       [ 0.        ],
       [ 0.        ],
       ...,
       [-0.04065918],
       [-0.03882895],
       [-0.03700335]])]","[array([[ 0.        ],
       [ 0.        ],
       [ 0.        ],
       ...,
       [-0.06917592],
       [-0.06731925],
       [-0.06545774]])]","[array([[ 0.        ],
       [ 0.        ],
       [ 0.        ],
       ...,
       [-0.00577407],
       [-0.00377797],
       [-0.0017801 ]])]","[array([[ 0.        ],
       [ 0.        ],
       [ 0.        ],
       ...,
       [-0.05496768],
       [-0.05310809],
       [-0.05125728]])]","[array([[0.        ],
       [0.        ],
       [0.        ],
       ...,
       [0.04143782],
       [0.04297624],
       [0.044507  ]])]","[array([[ 0.        ],
       [ 0.        ],
       [ 0.        ],
       ...,
       [-0.02506447],
       [-0.02330024],
       [-0.02153466]])]","[array([[ 0.        ],
       [ 0.        ],
       [ 0.        ],
       ...,
       [-0.02038563],
       [-0.01839927],
       [-0.0164187 ]])]","[array([[0.        ],
       [0.        ],
       [0.        ],
       ...,
       [0.00693213],
       [0.00884799],
       [0.0107692 ]])]","[array([[ 0.        ],
       [ 0.        ],
       [ 0.        ],
       ...,
       [-0.06144051],
       [-0.05969848],
       [-0.05795144]])]","[array([[0.        ],
       [0.        ],
       [0.        ],
       ...,
       [0.00462147],
       [0.00641669],
       [0.00821143]])]","[array([[ 0.        ],
       [ 0.        ],
       [ 0.        ],
       ...,
       [-0.06046136],
       [-0.05865639],
       [-0.05685107]])]","[array([[0.        ],
       [0.        ],
       [0.        ],
       ...,
       [0.01818305],
       [0.01991328],
       [0.0216449 ]])]","[array([[ 0.        ],
       [ 0.        ],
       [ 0.        ],
       ...,
       [-0.1342323 ],
       [-0.13224994],
       [-0.13026936]])]","[array([[ 0.        ],
       [ 0.        ],
       [ 0.        ],
       ...,
       [-0.05755001],
       [-0.05537778],
       [-0.05319048]])]","[array([[0.        ],
       [0.        ],
       [0.        ],
       ...,
       [0.00204462],
       [0.00371709],
       [0.0053927 ]])]"
"[array([[ 0.],
       [ 0.],
       [ 0.],
       ...,
       [nan],
       [nan],
       [nan]])]","[array([[ 0.],
       [ 0.],
       [ 0.],
       ...,
       [nan],
       [nan],
       [nan]])]","[array([[ 0.],
       [ 0.],
       [ 0.],
       ...,
       [nan],
       [nan],
       [nan]])]","[array([[0.        ],
       [0.        ],
       [0.        ],
       ...,
       [0.02603857],
       [0.02789215],
       [0.02975   ]])]","[array([[0.        ],
       [0.        ],
       [0.        ],
       ...,
       [0.02818569],
       [0.02983899],
       [0.03149557]])]","[array([[ 0.        ],
       [ 0.        ],
       [ 0.        ],
       ...,
       [-0.02960366],
       [-0.0276863 ],
       [-0.02576892]])]","[array([[0.        ],
       [0.        ],
       [0.        ],
       ...,
       [0.00981489],
       [0.01165732],
       [0.01349302]])]","[array([[0.        ],
       [0.        ],
       [0.        ],
       ...,
       [0.00724201],
       [0.0090095 ],
       [0.01078001]])]","[array([[0.        ],
       [0.        ],
       [0.        ],
       ...,
       [0.02893707],
       [0.03067288],
       [0.03240946]])]","[array([[ 0.        ],
       [ 0.        ],
       [ 0.        ],
       ...,
       [-0.00440757],
       [-0.00266926],
       [-0.00094299]])]","[array([[ 0.        ],
       [ 0.        ],
       [ 0.        ],
       ...,
       [-0.01340811],
       [-0.01159437],
       [-0.00978101]])]","[array([[ 0.        ],
       [ 0.        ],
       [ 0.        ],
       ...,
       [-0.00315757],
       [-0.00119319],
       [ 0.00076446]])]","[array([[ 0.        ],
       [ 0.        ],
       [ 0.        ],
       ...,
       [-0.00425052],
       [-0.00244724],
       [-0.00064032]])]","[array([[0.        ],
       [0.        ],
       [0.        ],
       ...,
       [0.00513767],
       [0.00704266],
       [0.00895683]])]","[array([[0.        ],
       [0.        ],
       [0.        ],
       ...,
       [0.01233745],
       [0.01399537],
       [0.01565433]])]","[array([[ 0.        ],
       [ 0.        ],
       [ 0.        ],
       ...,
       [-0.06256628],
       [-0.06079231],
       [-0.05901453]])]","[array([[0.        ],
       [0.        ],
       [0.        ],
       ...,
       [0.03904686],
       [0.04076267],
       [0.04247397]])]","[array([[0.        ],
       [0.        ],
       [0.        ],
       ...,
       [0.1025651 ],
       [0.10401719],
       [0.10548864]])]","[array([[ 0.        ],
       [ 0.        ],
       [ 0.        ],
       ...,
       [-0.00283396],
       [-0.00096385],
       [ 0.00091961]])]","[array([[ 0.        ],
       [ 0.        ],
       [ 0.        ],
       ...,
       [-0.00855594],
       [-0.00676396],
       [-0.00497309]])]"
"[array([[ 0.        ],
       [ 0.        ],
       [ 0.        ],
       ...,
       [-0.00697827],
       [-0.00697827],
       [-0.00697827]])]","[array([[0.        ],
       [0.        ],
       [0.        ],
       ...,
       [0.01230239],
       [0.01530543],
       [0.01826576]])]","[array([[ 0.],
       [ 0.],
       [ 0.],
       ...,
       [nan],
       [nan],
       [nan]])]","[array([[0.        ],
       [0.        ],
       [0.        ],
       ...,
       [0.02042393],
       [0.02189644],
       [0.02337406]])]","[array([[ 0.        ],
       [ 0.        ],
       [ 0.        ],
       ...,
       [-0.01377492],
       [-0.01213042],
       [-0.01049813]])]","[array([[ 0.        ],
       [ 0.        ],
       [ 0.        ],
       ...,
       [-0.00404617],
       [-0.00222463],
       [-0.00039527]])]","[array([[0.        ],
       [0.        ],
       [0.        ],
       ...,
       [0.05708894],
       [0.05883244],
       [0.06057854]])]","[array([[ 0.        ],
       [ 0.        ],
       [ 0.        ],
       ...,
       [-0.01548393],
       [-0.01373405],
       [-0.01198148]])]","[array([[ 0.        ],
       [ 0.        ],
       [ 0.        ],
       ...,
       [-0.02969414],
       [-0.02790889],
       [-0.0261294 ]])]","[array([[ 0.        ],
       [ 0.        ],
       [ 0.        ],
       ...,
       [-0.02164065],
       [-0.01979125],
       [-0.01794275]])]","[array([[0.        ],
       [0.        ],
       [0.        ],
       ...,
       [0.13683614],
       [0.13867701],
       [0.14051865]])]","[array([[ 0.        ],
       [ 0.        ],
       [ 0.        ],
       ...,
       [-0.15188792],
       [-0.15010508],
       [-0.14832063]])]","[array([[0.        ],
       [0.        ],
       [0.        ],
       ...,
       [0.01993657],
       [0.02155969],
       [0.02318779]])]","[array([[0.        ],
       [0.        ],
       [0.        ],
       ...,
       [0.00320825],
       [0.00483262],
       [0.00645306]])]","[array([[ 0.        ],
       [ 0.        ],
       [ 0.        ],
       ...,
       [-0.02325096],
       [-0.02143189],
       [-0.01961405]])]","[array([[0.        ],
       [0.        ],
       [0.        ],
       ...,
       [0.033776  ],
       [0.0355355 ],
       [0.03729349]])]","[array([[ 0.        ],
       [ 0.        ],
       [ 0.        ],
       ...,
       [-0.07374442],
       [-0.07210809],
       [-0.07047227]])]","[array([[0.        ],
       [0.        ],
       [0.        ],
       ...,
       [0.00909615],
       [0.01091698],
       [0.01273542]])]","[array([[ 0.        ],
       [ 0.        ],
       [ 0.        ],
       ...,
       [-0.04382336],
       [-0.04205988],
       [-0.04029251]])]","[array([[0.        ],
       [0.        ],
       [0.        ],
       ...,
       [0.33332241],
       [0.33495394],
       [0.33658849]])]"
"[array([[0.        ],
       [0.        ],
       [0.        ],
       ...,
       [0.15361085],
       [0.1514876 ],
       [0.14931259]])]","[array([[ 0.],
       [ 0.],
       [ 0.],
       ...,
       [nan],
       [nan],
       [nan]])]","[array([[0.        ],
       [0.        ],
       [0.        ],
       ...,
       [0.15169089],
       [0.15314866],
       [0.15462185]])]","[array([[ 0.        ],
       [ 0.        ],
       [ 0.        ],
       ...,
       [-0.09391901],
       [-0.0923695 ],
       [-0.09082677]])]","[array([[0.        ],
       [0.        ],
       [0.        ],
       ...,
       [0.00679481],
       [0.00850155],
       [0.01018572]])]","[array([[ 0.        ],
       [ 0.        ],
       [ 0.        ],
       ...,
       [-0.03375442],
       [-0.03197596],
       [-0.0301917 ]])]","[array([[0.        ],
       [0.        ],
       [0.        ],
       ...,
       [0.01601319],
       [0.01768552],
       [0.01935097]])]","[array([[ 0.        ],
       [ 0.        ],
       [ 0.        ],
       ...,
       [-0.06188915],
       [-0.06015413],
       [-0.05841346]])]","[array([[ 0.00000000e+00],
       [ 0.00000000e+00],
       [ 0.00000000e+00],
       ...,
       [-1.27572525e-05],
       [ 1.84668742e-03],
       [ 3.70934719e-03]])]","[array([[0.        ],
       [0.        ],
       [0.        ],
       ...,
       [0.08014212],
       [0.08198346],
       [0.08382104]])]","[array([[0.        ],
       [0.        ],
       [0.        ],
       ...,
       [0.05917161],
       [0.06105321],
       [0.06292935]])]","[array([[ 0.        ],
       [ 0.        ],
       [ 0.        ],
       ...,
       [-0.00225867],
       [-0.00049813],
       [ 0.00127256]])]","[array([[ 0.        ],
       [ 0.        ],
       [ 0.        ],
       ...,
       [-0.01657677],
       [-0.0148517 ],
       [-0.01312385]])]","[array([[0.        ],
       [0.        ],
       [0.        ],
       ...,
       [0.06265569],
       [0.06426801],
       [0.06587653]])]","[array([[ 0.        ],
       [ 0.        ],
       [ 0.        ],
       ...,
       [-0.10248737],
       [-0.10072648],
       [-0.09896658]])]","[array([[ 0.        ],
       [ 0.        ],
       [ 0.        ],
       ...,
       [-0.11201231],
       [-0.11024626],
       [-0.1084812 ]])]","[array([[ 0.        ],
       [ 0.        ],
       [ 0.        ],
       ...,
       [-0.03099613],
       [-0.02917331],
       [-0.02735537]])]","[array([[ 0.        ],
       [ 0.        ],
       [ 0.        ],
       ...,
       [-0.00722337],
       [-0.00543587],
       [-0.00364616]])]","[array([[0.        ],
       [0.        ],
       [0.        ],
       ...,
       [0.00422567],
       [0.00594995],
       [0.00766591]])]","[array([[ 0.        ],
       [ 0.        ],
       [ 0.        ],
       ...,
       [-0.02612326],
       [-0.02440233],
       [-0.02268267]])]"
"[array([[ 0.],
       [ 0.],
       [ 0.],
       ...,
       [nan],
       [nan],
       [nan]])]","[array([[ 0.        ],
       [ 0.        ],
       [ 0.        ],
       ...,
       [-0.05052316],
       [-0.04863455],
       [-0.04670592]])]","[array([[0.        ],
       [0.        ],
       [0.        ],
       ...,
       [0.32073577],
       [0.32356607],
       [0.32619476]])]","[array([[0.        ],
       [0.        ],
       [0.        ],
       ...,
       [0.0656242 ],
       [0.06756104],
       [0.06949397]])]","[array([[0.        ],
       [0.        ],
       [0.        ],
       ...,
       [0.00568545],
       [0.0074122 ],
       [0.0091362 ]])]","[array([[ 0.        ],
       [ 0.        ],
       [ 0.        ],
       ...,
       [-0.03798149],
       [-0.03615402],
       [-0.03432584]])]","[array([[0.        ],
       [0.        ],
       [0.        ],
       ...,
       [0.01190464],
       [0.01365763],
       [0.01540301]])]","[array([[ 0.        ],
       [ 0.        ],
       [ 0.        ],
       ...,
       [-0.01791771],
       [-0.01612051],
       [-0.0143186 ]])]","[array([[0.        ],
       [0.        ],
       [0.        ],
       ...,
       [0.00048051],
       [0.00216951],
       [0.00384533]])]","[array([[ 0.        ],
       [ 0.        ],
       [ 0.        ],
       ...,
       [-0.0090269 ],
       [-0.00721232],
       [-0.00540437]])]","[array([[ 0.        ],
       [ 0.        ],
       [ 0.        ],
       ...,
       [-0.01422106],
       [-0.01244363],
       [-0.01067168]])]","[array([[0.        ],
       [0.        ],
       [0.        ],
       ...,
       [0.11580966],
       [0.11758129],
       [0.11935484]])]","[array([[0.        ],
       [0.        ],
       [0.        ],
       ...,
       [0.0366062 ],
       [0.0382902 ],
       [0.03997602]])]","[array([[0.        ],
       [0.        ],
       [0.        ],
       ...,
       [0.0247261 ],
       [0.02644018],
       [0.0281572 ]])]","[array([[0.        ],
       [0.        ],
       [0.        ],
       ...,
       [0.01431008],
       [0.01609555],
       [0.01788203]])]","[array([[ 0.        ],
       [ 0.        ],
       [ 0.        ],
       ...,
       [-0.00325899],
       [-0.00146301],
       [ 0.00032899]])]","[array([[ 0.        ],
       [ 0.        ],
       [ 0.        ],
       ...,
       [-0.08671141],
       [-0.08497603],
       [-0.0832409 ]])]","[array([[0.        ],
       [0.        ],
       [0.        ],
       ...,
       [0.01243827],
       [0.01417254],
       [0.0158975 ]])]","[array([[0.        ],
       [0.        ],
       [0.        ],
       ...,
       [0.14315507],
       [0.14446179],
       [0.14576171]])]","[array([[0.        ],
       [0.        ],
       [0.        ],
       ...,
       [0.12056155],
       [0.1221369 ],
       [0.12371594]])]"
"[array([[ 0.],
       [ 0.],
       [ 0.],
       ...,
       [nan],
       [nan],
       [nan]])]","[array([[ 0.],
       [ 0.],
       [ 0.],
       ...,
       [nan],
       [nan],
       [nan]])]","[array([[0.        ],
       [0.        ],
       [0.        ],
       ...,
       [0.05097382],
       [0.05270658],
       [0.05443897]])]","[array([[ 0.],
       [ 0.],
       [ 0.],
       ...,
       [nan],
       [nan],
       [nan]])]","[array([[ 0.        ],
       [ 0.        ],
       [ 0.        ],
       ...,
       [-0.00287523],
       [-0.00106081],
       [ 0.00075682]])]","[array([[ 0.        ],
       [ 0.        ],
       [ 0.        ],
       ...,
       [-0.01380569],
       [-0.01197225],
       [-0.01014578]])]","[array([[0.        ],
       [0.        ],
       [0.        ],
       ...,
       [0.05720079],
       [0.05910819],
       [0.06102277]])]","[array([[ 0.        ],
       [ 0.        ],
       [ 0.        ],
       ...,
       [-0.01415049],
       [-0.01246617],
       [-0.01079056]])]","[array([[ 0.        ],
       [ 0.        ],
       [ 0.        ],
       ...,
       [-0.00227303],
       [-0.00050229],
       [ 0.001268  ]])]","[array([[0.        ],
       [0.        ],
       [0.        ],
       ...,
       [0.05739617],
       [0.05907936],
       [0.06076485]])]","[array([[ 0.        ],
       [ 0.        ],
       [ 0.        ],
       ...,
       [-0.02624206],
       [-0.02455331],
       [-0.0228656 ]])]","[array([[ 0.        ],
       [ 0.        ],
       [ 0.        ],
       ...,
       [-0.00137437],
       [ 0.00033126],
       [ 0.00204198]])]","[array([[ 0.        ],
       [ 0.        ],
       [ 0.        ],
       ...,
       [-0.01216913],
       [-0.01039811],
       [-0.00863287]])]","[array([[ 0.        ],
       [ 0.        ],
       [ 0.        ],
       ...,
       [-0.00367867],
       [-0.00191586],
       [-0.00015489]])]","[array([[ 0.        ],
       [ 0.        ],
       [ 0.        ],
       ...,
       [-0.09886435],
       [-0.09706292],
       [-0.09526037]])]","[array([[ 0.        ],
       [ 0.        ],
       [ 0.        ],
       ...,
       [-0.01073288],
       [-0.00923389],
       [-0.00773281]])]","[array([[ 0.        ],
       [ 0.        ],
       [ 0.        ],
       ...,
       [-0.01662344],
       [-0.01478323],
       [-0.01294906]])]","[array([[ 0.        ],
       [ 0.        ],
       [ 0.        ],
       ...,
       [-0.05321438],
       [-0.05139847],
       [-0.04959027]])]","[array([[ 0.00000000e+00],
       [ 0.00000000e+00],
       [ 0.00000000e+00],
       ...,
       [-6.45842552e-05],
       [ 1.65228847e-03],
       [ 3.36830171e-03]])]","[array([[ 0.        ],
       [ 0.        ],
       [ 0.        ],
       ...,
       [-0.01696612],
       [-0.01530065],
       [-0.01363118]])]"
"[array([[ 0.],
       [ 0.],
       [ 0.],
       ...,
       [nan],
       [nan],
       [nan]])]","[array([[ 0.],
       [ 0.],
       [ 0.],
       ...,
       [nan],
       [nan],
       [nan]])]","[array([[ 0.],
       [ 0.],
       [ 0.],
       ...,
       [nan],
       [nan],
       [nan]])]","[array([[0.        ],
       [0.        ],
       [0.        ],
       ...,
       [0.05356742],
       [0.05537337],
       [0.0571873 ]])]","[array([[0.        ],
       [0.        ],
       [0.        ],
       ...,
       [0.04944908],
       [0.05125723],
       [0.05303941]])]","[array([[0.        ],
       [0.        ],
       [0.        ],
       ...,
       [0.00036328],
       [0.00217879],
       [0.00399728]])]","[array([[0.        ],
       [0.        ],
       [0.        ],
       ...,
       [0.01857682],
       [0.02076469],
       [0.02293386]])]","[array([[ 0.        ],
       [ 0.        ],
       [ 0.        ],
       ...,
       [-0.07389718],
       [-0.07210969],
       [-0.07032561]])]","[array([[ 0.        ],
       [ 0.        ],
       [ 0.        ],
       ...,
       [-0.01559466],
       [-0.01375169],
       [-0.011916  ]])]","[array([[0.        ],
       [0.        ],
       [0.        ],
       ...,
       [0.07586245],
       [0.07768124],
       [0.07949093]])]","[array([[0.        ],
       [0.        ],
       [0.        ],
       ...,
       [0.01686438],
       [0.01862239],
       [0.02038462]])]","[array([[0.        ],
       [0.        ],
       [0.        ],
       ...,
       [0.07835556],
       [0.08002772],
       [0.0816938 ]])]","[array([[0.        ],
       [0.        ],
       [0.        ],
       ...,
       [0.00217328],
       [0.00367494],
       [0.00518894]])]","[array([[0.        ],
       [0.        ],
       [0.        ],
       ...,
       [0.01284346],
       [0.01459391],
       [0.0163426 ]])]","[array([[ 0.        ],
       [ 0.        ],
       [ 0.        ],
       ...,
       [-0.06669462],
       [-0.06495108],
       [-0.06321229]])]","[array([[ 0.        ],
       [ 0.        ],
       [ 0.        ],
       ...,
       [-0.00395075],
       [-0.00224075],
       [-0.00053114]])]","[array([[0.        ],
       [0.        ],
       [0.        ],
       ...,
       [0.02845041],
       [0.03019569],
       [0.03194045]])]","[array([[ 0.        ],
       [ 0.        ],
       [ 0.        ],
       ...,
       [-0.06520573],
       [-0.06344746],
       [-0.06169123]])]","[array([[0.        ],
       [0.        ],
       [0.        ],
       ...,
       [0.00298699],
       [0.0046858 ],
       [0.00638127]])]","[array([[0.        ],
       [0.        ],
       [0.        ],
       ...,
       [0.00298874],
       [0.0048788 ],
       [0.00676205]])]"
"[array([[ 0.],
       [ 0.],
       [ 0.],
       ...,
       [nan],
       [nan],
       [nan]])]","[array([[ 0.],
       [ 0.],
       [ 0.],
       ...,
       [nan],
       [nan],
       [nan]])]","[array([[ 0.],
       [ 0.],
       [ 0.],
       ...,
       [nan],
       [nan],
       [nan]])]","[array([[0.        ],
       [0.        ],
       [0.        ],
       ...,
       [0.0036329 ],
       [0.00593683],
       [0.00824919]])]","[array([[ 0.        ],
       [ 0.        ],
       [ 0.        ],
       ...,
       [-0.00642754],
       [-0.00469941],
       [-0.00297276]])]","[array([[0.        ],
       [0.        ],
       [0.        ],
       ...,
       [0.00693813],
       [0.00877238],
       [0.01060592]])]","[array([[0.        ],
       [0.        ],
       [0.        ],
       ...,
       [0.06919132],
       [0.0709498 ],
       [0.07272513]])]","[array([[ 0.        ],
       [ 0.        ],
       [ 0.        ],
       ...,
       [-0.02078232],
       [-0.01917318],
       [-0.01756344]])]","[array([[0.        ],
       [0.        ],
       [0.        ],
       ...,
       [0.01202814],
       [0.01358144],
       [0.0151291 ]])]","[array([[ 0.        ],
       [ 0.        ],
       [ 0.        ],
       ...,
       [-0.12323472],
       [-0.12158626],
       [-0.11993359]])]","[array([[ 0.        ],
       [ 0.        ],
       [ 0.        ],
       ...,
       [-0.04954473],
       [-0.04772663],
       [-0.04590902]])]","[array([[ 0.        ],
       [ 0.        ],
       [ 0.        ],
       ...,
       [-0.00599127],
       [-0.00421378],
       [-0.00243791]])]","[array([[0.        ],
       [0.        ],
       [0.        ],
       ...,
       [0.01075428],
       [0.01247245],
       [0.01418857]])]","[array([[ 0.        ],
       [ 0.        ],
       [ 0.        ],
       ...,
       [-0.01859068],
       [-0.01677146],
       [-0.01495032]])]","[array([[ 0.        ],
       [ 0.        ],
       [ 0.        ],
       ...,
       [-0.0655981 ],
       [-0.06381137],
       [-0.06202896]])]","[array([[ 0.        ],
       [ 0.        ],
       [ 0.        ],
       ...,
       [-0.03793179],
       [-0.03615068],
       [-0.03435718]])]","[array([[ 0.        ],
       [ 0.        ],
       [ 0.        ],
       ...,
       [-0.00444758],
       [-0.0026032 ],
       [-0.00076249]])]","[array([[ 0.        ],
       [ 0.        ],
       [ 0.        ],
       ...,
       [-0.01470508],
       [-0.01303717],
       [-0.01136896]])]","[array([[ 0.        ],
       [ 0.        ],
       [ 0.        ],
       ...,
       [-0.00517809],
       [-0.00349366],
       [-0.0018135 ]])]","[array([[0.        ],
       [0.        ],
       [0.        ],
       ...,
       [0.00552687],
       [0.0072748 ],
       [0.00902255]])]"
"[array([[ 0.],
       [ 0.],
       [ 0.],
       ...,
       [nan],
       [nan],
       [nan]])]","[array([[ 0.],
       [ 0.],
       [ 0.],
       ...,
       [nan],
       [nan],
       [nan]])]","[array([[0.        ],
       [0.        ],
       [0.        ],
       ...,
       [0.07978465],
       [0.08240098],
       [0.08497725]])]","[array([[ 0.],
       [ 0.],
       [ 0.],
       ...,
       [nan],
       [nan],
       [nan]])]","[array([[ 0.],
       [ 0.],
       [ 0.],
       ...,
       [nan],
       [nan],
       [nan]])]","[array([[ 0.        ],
       [ 0.        ],
       [ 0.        ],
       ...,
       [-0.03066331],
       [-0.0288375 ],
       [-0.02701365]])]","[array([[ 0.        ],
       [ 0.        ],
       [ 0.        ],
       ...,
       [-0.002875  ],
       [-0.00135884],
       [ 0.0001503 ]])]","[array([[ 0.        ],
       [ 0.        ],
       [ 0.        ],
       ...,
       [-0.09419436],
       [-0.09240726],
       [-0.09061275]])]","[array([[ 0.        ],
       [ 0.        ],
       [ 0.        ],
       ...,
       [-0.0112606 ],
       [-0.00950369],
       [-0.00774207]])]","[array([[0.        ],
       [0.        ],
       [0.        ],
       ...,
       [0.00603717],
       [0.00774802],
       [0.00945133]])]","[array([[ 0.        ],
       [ 0.        ],
       [ 0.        ],
       ...,
       [-0.00594534],
       [-0.00411655],
       [-0.00229517]])]","[array([[0.        ],
       [0.        ],
       [0.        ],
       ...,
       [0.01467614],
       [0.01637946],
       [0.01808036]])]","[array([[ 0.        ],
       [ 0.        ],
       [ 0.        ],
       ...,
       [-0.04179056],
       [-0.04004527],
       [-0.0382986 ]])]","[array([[0.        ],
       [0.        ],
       [0.        ],
       ...,
       [0.03598708],
       [0.03779075],
       [0.03960083]])]","[array([[ 0.        ],
       [ 0.        ],
       [ 0.        ],
       ...,
       [-0.03335186],
       [-0.03160197],
       [-0.02984741]])]","[array([[0.        ],
       [0.        ],
       [0.        ],
       ...,
       [0.04898776],
       [0.05061996],
       [0.05224909]])]","[array([[ 0.        ],
       [ 0.        ],
       [ 0.        ],
       ...,
       [-0.03714099],
       [-0.03541109],
       [-0.03368255]])]","[array([[ 0.        ],
       [ 0.        ],
       [ 0.        ],
       ...,
       [-0.0358002 ],
       [-0.03410477],
       [-0.03240723]])]","[array([[0.        ],
       [0.        ],
       [0.        ],
       ...,
       [0.07154566],
       [0.07342556],
       [0.07530393]])]","[array([[ 0.        ],
       [ 0.        ],
       [ 0.        ],
       ...,
       [-0.0411467 ],
       [-0.03924885],
       [-0.03735313]])]"
"[array([[ 0.],
       [ 0.],
       [ 0.],
       ...,
       [nan],
       [nan],
       [nan]])]","[array([[ 0.],
       [ 0.],
       [ 0.],
       ...,
       [nan],
       [nan],
       [nan]])]","[array([[ 0.],
       [ 0.],
       [ 0.],
       ...,
       [nan],
       [nan],
       [nan]])]","[array([[ 0.],
       [ 0.],
       [ 0.],
       ...,
       [nan],
       [nan],
       [nan]])]","[array([[ 0.],
       [ 0.],
       [ 0.],
       ...,
       [nan],
       [nan],
       [nan]])]","[array([[ 0.],
       [ 0.],
       [ 0.],
       ...,
       [nan],
       [nan],
       [nan]])]","[array([[ 0.],
       [ 0.],
       [ 0.],
       ...,
       [nan],
       [nan],
       [nan]])]","[array([[ 0.        ],
       [ 0.        ],
       [ 0.        ],
       ...,
       [-0.03069699],
       [-0.02895956],
       [-0.0272223 ]])]","[array([[0.        ],
       [0.        ],
       [0.        ],
       ...,
       [0.03405238],
       [0.03602647],
       [0.03799988]])]","[array([[0.        ],
       [0.        ],
       [0.        ],
       ...,
       [0.01379158],
       [0.01555377],
       [0.01731406]])]","[array([[ 0.        ],
       [ 0.        ],
       [ 0.        ],
       ...,
       [-0.04424415],
       [-0.04237125],
       [-0.04049505]])]","[array([[0.        ],
       [0.        ],
       [0.        ],
       ...,
       [0.00457696],
       [0.00647346],
       [0.00838186]])]","[array([[0.        ],
       [0.        ],
       [0.        ],
       ...,
       [0.14281023],
       [0.14452819],
       [0.14623585]])]","[array([[0.        ],
       [0.        ],
       [0.        ],
       ...,
       [0.13025124],
       [0.13213032],
       [0.13402325]])]","[array([[ 0.        ],
       [ 0.        ],
       [ 0.        ],
       ...,
       [-0.09150381],
       [-0.0897135 ],
       [-0.08792177]])]","[array([[ 0.        ],
       [ 0.        ],
       [ 0.        ],
       ...,
       [-0.07995806],
       [-0.07817467],
       [-0.0763827 ]])]","[array([[ 0.        ],
       [ 0.        ],
       [ 0.        ],
       ...,
       [-0.0105366 ],
       [-0.00883278],
       [-0.00712858]])]","[array([[0.        ],
       [0.        ],
       [0.        ],
       ...,
       [0.00237861],
       [0.00407444],
       [0.00577245]])]","[array([[0.        ],
       [0.        ],
       [0.        ],
       ...,
       [0.09131182],
       [0.09315695],
       [0.09499398]])]","[array([[ 0.        ],
       [ 0.        ],
       [ 0.        ],
       ...,
       [-0.01137461],
       [-0.00953513],
       [-0.0076909 ]])]"
"[array([[ 0.],
       [ 0.],
       [ 0.],
       ...,
       [nan],
       [nan],
       [nan]])]","[array([[ 0.],
       [ 0.],
       [ 0.],
       ...,
       [nan],
       [nan],
       [nan]])]","[array([[ 0.],
       [ 0.],
       [ 0.],
       ...,
       [nan],
       [nan],
       [nan]])]","[array([[0.        ],
       [0.        ],
       [0.        ],
       ...,
       [0.04662339],
       [0.04841973],
       [0.05021164]])]","[array([[ 0.        ],
       [ 0.        ],
       [ 0.        ],
       ...,
       [-0.01070443],
       [-0.00879923],
       [-0.00689044]])]","[array([[ 0.],
       [ 0.],
       [ 0.],
       ...,
       [nan],
       [nan],
       [nan]])]","[array([[ 0.],
       [ 0.],
       [ 0.],
       ...,
       [nan],
       [nan],
       [nan]])]","[array([[ 0.        ],
       [ 0.        ],
       [ 0.        ],
       ...,
       [-0.05716838],
       [-0.05542629],
       [-0.05368367]])]","[array([[ 0.        ],
       [ 0.        ],
       [ 0.        ],
       ...,
       [-0.0504703 ],
       [-0.04876494],
       [-0.04705912]])]","[array([[0.        ],
       [0.        ],
       [0.        ],
       ...,
       [0.00114376],
       [0.00298672],
       [0.00483543]])]","[array([[ 0.        ],
       [ 0.        ],
       [ 0.        ],
       ...,
       [-0.07056174],
       [-0.06879261],
       [-0.06702496]])]","[array([[ 0.        ],
       [ 0.        ],
       [ 0.        ],
       ...,
       [-0.03435571],
       [-0.03253963],
       [-0.03072707]])]","[array([[ 0.        ],
       [ 0.        ],
       [ 0.        ],
       ...,
       [-0.04036439],
       [-0.0385431 ],
       [-0.03672716]])]","[array([[ 0.        ],
       [ 0.        ],
       [ 0.        ],
       ...,
       [-0.02787887],
       [-0.02619184],
       [-0.02450261]])]","[array([[0.        ],
       [0.        ],
       [0.        ],
       ...,
       [0.00958054],
       [0.01121647],
       [0.01285254]])]","[array([[ 0.        ],
       [ 0.        ],
       [ 0.        ],
       ...,
       [-0.1881879 ],
       [-0.18640397],
       [-0.1846157 ]])]","[array([[ 0.        ],
       [ 0.        ],
       [ 0.        ],
       ...,
       [-0.01112002],
       [-0.00935369],
       [-0.00758758]])]","[array([[0.        ],
       [0.        ],
       [0.        ],
       ...,
       [0.02057752],
       [0.02232068],
       [0.02404801]])]","[array([[ 0.        ],
       [ 0.        ],
       [ 0.        ],
       ...,
       [-0.00152658],
       [ 0.00021346],
       [ 0.00195603]])]","[array([[0.        ],
       [0.        ],
       [0.        ],
       ...,
       [0.02364267],
       [0.02538323],
       [0.02712235]])]"
